id,title,description,thumbnail,video_url
v1,hat guy was actually in the Walmart bathroom,Watch & Enjoy,https://cdn.aceimg.com/16c3bbe3f.jpg,https://cdn.videy.co/9AWuYa9A1.mp4
v2,When auntie feels like she owns the house,Watch & Enjoy,https://cdn.aceimg.com/9717674e4.jpg,https://cdn.videy.co/XwbiWJHP1.mp4
v3,Just an interview… until it wasn’t,Watch & Enjoy,https://cdn.aceimg.com/ec6fba771.jpg,https://cdn.videy.co/EU6wi5PA1.mp4
v4,Finna lay up and mind my own business,Watch & Enjoy,https://cdn.aceimg.com/649bc52c3.jpg,https://cdn.videy.co/odj6OWKu1.mp4
v5,Must bring her home Watch & Enjoy,https://cdn.aceimg.com/b3d3b0156.jpg,https://cdn.slicedrive.com/GidFmeAh1.mp4
v6,Big auntie energy  no explanation needed,Watch & Enjoy,https://cdn.aceimg.com/d29acd4c1.jpg,https://cdn.videy.co/pmeX3hfp1.mp4
v7,Auntie likes to fish for big fish,Watch & Enjoy,https://cdn.aceimg.com/d519c9227.jpg,https://cdn.slicedrive.com/vnmXZvGy1.mp4
v8,Plugged her,https://cdn.aceimg.com/857ae9334.jpg,Watch & Enjoy,https://cdn.slicedrive.com/8zTeP0NA1.mp4
v9,If confidence was a crime  I’d be doin’ life,Watch & Enjoy,https://cdn.aceimg.com/a29c35cca.jpg,https://cdn.videy.co/gZ9K98An1.mp4
v10,He definitely coming back after work shift is over,Watch & Enjoy,https://cdn.aceimg.com/4b048a94f.jpg,https://cdn.videy.co/JVfUoAKV1.mp4
v11,Warehouse comedy moment… didn’t see that coming,Watch & Enjoy,https://cdn.aceimg.com/7b2be3702.jpg,https://cdn.videy.co/z3f8vv8R1.mp4
v12,Auntie thought it was just a regular podcast,Watch & Enjoy,https://cdn.aceimg.com/ea5b28468.jpg,https://cdn.videy.co/udxtO7Ch1.mp4
v13,I told my boyfriend i was working late.....,Watch & Enjoy,https://cdn.aceimg.com/9f72d8dd5.jpg,https://cdn.videy.co/32FBKwcG1.mp4
v14,That's some heavy beating,Watch & Enjoy,https://cdn.aceimg.com/d934c4f2c.jpg,https://cdn.videy.co/dSxARIDf1.mp4
v15,Double Enjoyment,Watch & Enjoy,https://cdn.aceimg.com/127f31b0c.jpg,https://cdn.videy.co/sn8y4hl21.mp4
v16,The grip is going crazy,Watch & Enjoy,https://cdn.aceimg.com/fd639befc.jpg,https://cdn.videy.co/8KhAGQ4o1.mp4
v17,will immediately become a housewife,Watch & Enjoy,https://cdn.aceimg.com/a982d8645.jpg,https://cdn.videy.co/gp7hHtL11.mp4